team,year,games_played,opponent,round,result,jersey_num,kicks,marks,handballs,disposals,goals,behinds,hit_outs,tackles,rebound_50s,inside_50s,clearances,clangers,free_kicks_for,free_kicks_against,brownlow_votes,contested_possessions,uncontested_possessions,contested_marks,marks_inside_50,one_percenters,bounces,goal_assist,percentage_of_game_played,date
Fremantle,2002,1,Kangaroos,15,L,43,5,3,1,6,,,,1,,1,,,1,,,1,4,,,2,,,,2002-06-07
Fremantle,2002,2,West Coast,16,W,43,5,2,2,7,,,,1,2,,,,1,,,4,2,,,3,,,,2002-06-14
Fremantle,2002,3,St Kilda,17,L,43,8,4,7,15,,1,,1,3,,1,1,2,,,5,9,,1,2,1,,,2002-06-21
Fremantle,2002,4,Hawthorn,18,W,43,7,2,6,13,,,,,2,1,2,1,,1,,5,8,,,3,1,,,2002-06-28
Fremantle,2002,5,Richmond,19,L,43,1,,,1,,,,1,,,,3,,2,,,,,,1,,,,2002-07-05
Fremantle,2003,6,Adelaide,1,L,43,10,6,8,18,,,,4,4,1,,3,1,1,,8,10,2,,1,3,1,89,2003-03-01
Fremantle,2003,7,Sydney,2,W,43,8,4,2,10,,,,2,4,,,,,,,4,6,,,2,1,,86,2003-03-08
Fremantle,2003,8,Richmond,3,L,43,9,4,10,19,,,,6,5,3,3,1,2,,,10,10,1,,3,1,1,100,2003-03-15
Fremantle,2003,9,Kangaroos,4,W,43,4,1,,4,,,,5,2,,,,1,,,1,3,,,3,1,,68,2003-03-22
Fremantle,2003,10,West Coast,5,L,43,7,5,4,11,,,,,2,,,1,1,,,6,5,2,,2,,,100,2003-03-29
Fremantle,2003,11,Essendon,6,W,43,8,6,12,20,,,,,1,1,1,1,1,,,9,11,,,2,,,88,2003-04-05
Fremantle,2003,12,Western Bulldogs,7,W,43,9,2,6,15,,,,1,6,,,,,,,9,4,,,1,,,91,2003-04-12
Fremantle,2003,13,St Kilda,8,W,43,13,7,7,20,,,,,5,2,1,,1,,,8,12,1,,3,1,,93,2003-04-19
Fremantle,2003,14,Melbourne,9,W,43,11,7,6,17,,,,8,8,,1,3,2,1,,10,8,3,,3,2,,95,2003-04-26
Fremantle,2003,15,Carlton,10,W,43,8,3,4,12,,,,2,1,1,1,1,2,,,7,5,1,,2,1,,74,2003-05-03
Fremantle,2003,16,Hawthorn,13,L,43,12,6,3,15,,,,2,2,1,1,1,2,,,4,11,,,,1,,73,2003-05-24
Fremantle,2003,17,Brisbane Lions,14,W,43,10,7,3,13,,,,3,3,2,1,3,,,,3,10,,,,,,89,2003-05-31
Fremantle,2003,18,Collingwood,15,L,43,4,1,3,7,,,,4,1,,1,,,,,3,4,,,,,,70,2003-06-07
Fremantle,2003,19,Adelaide,16,W,43,6,,3,9,,,,1,1,1,,,,,,6,3,,,2,4,1,45,2003-06-14
Fremantle,2003,20,Sydney,17,L,43,3,,4,7,,,,2,2,,,,,,,2,5,,,4,,,74,2003-06-21
Fremantle,2003,21,Richmond,18,W,43,5,2,5,10,,,,3,2,,2,1,,1,,4,5,,,1,1,,94,2003-06-28
Fremantle,2003,22,Kangaroos,19,W,43,8,6,11,19,,,,1,1,2,2,,,,,8,11,1,,3,,,100,2003-07-05
Fremantle,2003,23,Western Bulldogs,20,W,43,10,4,3,13,1,,,3,1,5,1,1,,,,3,11,1,,4,4,,83,2003-07-12
Fremantle,2003,24,Essendon,21,L,43,6,2,6,12,,,,3,1,,,,,,,6,7,,,4,,,94,2003-07-19
Fremantle,2003,25,West Coast,22,W,43,12,8,3,15,,,,,7,2,1,2,2,,,5,9,2,,1,2,,100,2003-07-26
Fremantle,2003,26,Essendon,EF,L,43,9,5,7,16,,,,7,,2,1,6,1,1,,6,10,1,,4,4,,79,2003-03-01
Fremantle,2004,27,Carlton,1,W,43,9,5,4,13,,,,,3,1,,,1,,,5,7,1,,3,,,96,2004-03-01
Fremantle,2004,28,Sydney,2,L,43,6,3,3,9,,,,,1,2,,1,,,,4,5,1,,3,2,,92,2004-03-08
Fremantle,2004,29,Adelaide,3,W,43,11,5,5,16,,,,,5,1,,,2,,,5,10,1,,4,1,,97,2004-03-15
Fremantle,2004,30,Collingwood,4,W,43,,,,,,,,,,,,,,,,,,,,1,,,15,2004-03-22
Fremantle,2004,31,West Coast,6,W,43,5,4,3,8,,,,2,4,1,,,1,,,3,5,1,,1,,,98,2004-04-05
Fremantle,2004,32,St Kilda,7,L,43,11,10,5,16,,,,1,2,1,,2,,,,6,10,2,,2,,,80,2004-04-12
Fremantle,2004,33,Hawthorn,8,L,43,5,3,5,10,,,,1,3,,,2,,1,,1,8,,,5,2,,100,2004-04-19
Fremantle,2004,34,Brisbane Lions,9,W,43,4,5,11,15,,,,,1,1,1,,2,,,4,12,,,1,,1,77,2004-04-26
Fremantle,2004,35,Essendon,10,L,43,11,7,2,13,1,,,1,,4,,2,,1,,6,7,1,,1,3,1,81,2004-05-03
Fremantle,2004,36,Melbourne,11,L,43,12,4,4,16,,,,1,3,2,,2,1,2,,6,10,,,2,1,,79,2004-05-10
Fremantle,2004,37,Richmond,12,W,43,8,3,3,11,,1,,,4,4,,2,,,,2,8,,,1,1,,63,2004-05-17
Fremantle,2004,38,Port Adelaide,13,L,43,3,5,3,6,,,,1,1,,1,1,,,,4,4,1,,5,2,,64,2004-05-24
Fremantle,2004,39,Kangaroos,15,L,43,9,4,5,14,,1,,,2,3,,1,,,,3,11,1,,2,,,60,2004-06-07
Fremantle,2004,40,Adelaide,16,W,43,9,6,8,17,1,,,1,3,2,,4,1,,,5,13,1,,4,1,,100,2004-06-14
Fremantle,2004,41,Geelong,20,L,43,11,1,3,14,,,,6,2,,5,7,,1,,5,6,,,5,,,87,2004-07-12
Fremantle,2004,42,West Coast,21,L,43,,,,,,,,,,,,,1,,,1,,,,,,,19,2004-07-19
Fremantle,2006,43,Carlton,2,W,43,3,2,4,7,,,,,1,1,,1,,,,3,4,1,,1,,,66,2006-03-08
Fremantle,2006,44,Port Adelaide,3,W,43,4,1,8,12,,,,4,2,1,,,1,,,5,8,,,2,1,,100,2006-03-15
Fremantle,2006,45,Adelaide,4,L,43,1,,5,6,,,,1,1,,2,2,,,,3,3,,,,,,40,2006-03-22
Fremantle,2006,46,Sydney,13,L,43,9,2,7,16,,,,1,2,1,1,1,1,,,10,6,,1,3,2,,98,2006-05-24
Fremantle,2006,47,Essendon,14,W,43,13,10,4,17,,,,1,2,2,,,,,,5,12,,,,3,2,100,2006-05-31
Fremantle,2006,48,Collingwood,15,W,43,6,2,5,11,,,,1,3,,,2,,2,,1,10,,,2,,1,86,2006-06-07
Fremantle,2006,49,Melbourne,16,W,43,13,5,8,21,,,,1,3,1,2,1,3,1,,8,16,,,,1,,99,2006-06-14
Fremantle,2006,50,Carlton,17,W,43,5,3,5,10,,,,,1,2,,1,1,,,4,6,,,3,,1,100,2006-06-21
Fremantle,2006,51,Hawthorn,18,W,43,14,8,8,22,,,,,2,3,,3,1,2,1,2,18,,,,,,100,2006-06-28
Fremantle,2006,52,Adelaide,19,W,43,8,8,7,15,,,,,2,1,,3,,2,,2,12,1,,,1,,80,2006-07-05
Fremantle,2006,53,St Kilda,20,W,43,,,,,,,,1,,,,,,,,,,,,1,,,9,2006-07-12
Fremantle,2006,54,West Coast,21,W,43,10,5,6,16,,,,4,1,3,,1,,,,4,11,,,1,1,,83,2006-07-19
Fremantle,2006,55,Port Adelaide,22,W,43,11,8,7,18,1,,,,5,2,,1,,,,4,12,,1,2,4,,91,2006-07-26
Fremantle,2006,56,Adelaide,QF,L,43,5,3,8,13,,,,3,1,1,1,1,1,1,,5,9,,,5,3,1,87,2006-03-01
Fremantle,2006,57,Melbourne,SF,W,43,11,10,5,16,,,,3,1,2,,4,1,1,,3,14,,,5,,,96,2006-03-01
Fremantle,2006,58,Sydney,PF,L,43,7,3,6,13,,,,1,1,2,1,2,1,1,,4,10,,1,4,1,,92,2006-03-01
Fremantle,2007,59,Port Adelaide,1,L,43,8,6,9,17,1,,,4,3,2,,4,1,3,,5,13,,,1,2,1,83,2007-03-01
Fremantle,2007,60,Essendon,2,L,43,7,2,3,10,,,,1,2,1,,2,,,,2,8,,,2,,,96,2007-03-08
Fremantle,2007,61,West Coast,3,L,43,12,7,1,13,,,,1,2,1,,3,,,,5,7,1,,2,5,,77,2007-03-15
Fremantle,2007,62,Melbourne,4,W,43,16,10,6,22,,,,2,5,,3,1,,1,,5,17,1,,1,,,85,2007-03-22
Fremantle,2007,63,Adelaide,5,W,43,14,3,6,20,,,,3,7,1,1,2,1,,1,7,8,,,7,1,,85,2007-03-29
Fremantle,2007,64,Brisbane Lions,6,L,43,11,8,7,18,,,,4,7,,,3,2,,,7,12,1,,5,1,,91,2007-04-05
Fremantle,2007,65,Hawthorn,7,W,43,7,7,8,15,,,,1,1,2,1,2,1,2,,5,12,,,2,1,,89,2007-04-12
Fremantle,2007,66,Geelong,8,L,43,13,5,12,25,,,,2,3,2,,4,,3,,2,24,,,5,1,1,95,2007-04-19
Fremantle,2007,67,St Kilda,9,W,43,11,5,5,16,,,,5,2,3,2,3,1,,,6,9,,,7,7,,90,2007-04-26
Fremantle,2007,68,Collingwood,10,L,43,12,2,5,17,,,,3,5,1,,1,1,,,6,10,1,,4,,,100,2007-05-03
Fremantle,2007,69,Richmond,11,W,43,11,6,5,16,,,,3,3,1,,3,1,1,,4,10,,,1,4,,99,2007-05-10
Fremantle,2007,70,Western Bulldogs,12,L,43,11,7,6,17,,,,3,1,4,1,1,1,,,4,13,,,3,1,1,85,2007-05-17
Fremantle,2007,71,Carlton,13,W,43,12,3,4,16,,1,,3,4,1,,2,,,,6,9,1,,1,4,1,91,2007-05-24
Fremantle,2007,72,Sydney,14,L,43,11,8,3,14,,,,5,3,4,1,6,,1,,4,11,,1,2,1,,91,2007-05-31
Fremantle,2007,73,Kangaroos,15,L,43,15,9,6,21,,,,,4,2,,1,,,,3,17,,,5,2,,96,2007-06-07
Fremantle,2007,74,Adelaide,16,W,43,2,1,6,8,1,1,,,,,,1,1,1,,3,5,,1,3,,,88,2007-06-14
Fremantle,2007,75,Geelong,17,L,43,11,5,7,18,1,,,2,2,4,,1,1,,,7,11,,,6,4,1,95,2007-06-21
Fremantle,2007,76,West Coast,18,W,43,11,5,3,14,,,,2,3,,,1,,1,,2,11,,1,4,,1,100,2007-06-28
Fremantle,2007,77,Essendon,19,W,43,7,4,7,14,,,,1,3,3,,4,1,1,,3,12,,,3,1,,81,2007-07-05
Fremantle,2007,78,St Kilda,20,L,43,8,3,5,13,,,,3,5,,1,2,,1,,5,7,,,3,3,,100,2007-07-12
Fremantle,2007,79,Melbourne,21,W,43,9,4,9,18,,,,3,1,1,,1,,1,,6,12,,,1,,,97,2007-07-19
Fremantle,2007,80,Port Adelaide,22,L,43,11,6,5,16,,,,3,2,2,1,,1,,,3,13,,,2,1,1,100,2007-07-26
Fremantle,2008,81,Collingwood,1,L,43,12,4,4,16,,,,1,2,2,,4,1,,,6,10,1,,8,,,97,2008-03-01
Fremantle,2008,82,Hawthorn,2,L,43,6,7,15,21,,,,1,4,1,,6,,2,,6,16,1,,3,,,94,2008-03-08
Fremantle,2008,83,West Coast,3,W,43,12,6,7,19,,,,1,4,1,,,1,,,8,11,1,,1,4,,88,2008-03-15
Fremantle,2008,84,Richmond,4,L,43,6,2,4,10,,,,1,4,,,,,,,4,6,,,1,,,89,2008-03-22
Fremantle,2008,85,Adelaide,5,L,43,14,7,6,20,,,,4,4,2,,1,3,1,,6,13,1,,1,1,1,87,2008-03-29
Fremantle,2008,86,Geelong,6,L,43,7,2,3,10,,,,6,3,,1,2,,1,,3,7,,,4,,,56,2008-04-05
Fremantle,2008,87,Western Bulldogs,8,L,43,5,6,16,21,,,,1,3,,1,1,,1,,5,16,1,,5,6,,90,2008-04-19
Fremantle,2008,88,North Melbourne,12,W,43,9,6,6,15,,,,2,2,,1,2,,,,3,12,,,3,1,,84,2008-05-17
Fremantle,2008,89,St Kilda,13,L,43,10,2,5,15,,,,,,2,,2,,1,,2,13,,,2,,,87,2008-05-24
Fremantle,2008,90,Essendon,14,L,43,2,,,2,,,,,2,,,,,,,1,1,,,,1,,9,2008-05-31
Fremantle,2008,91,Sydney,19,L,43,14,6,6,20,,,,1,2,1,3,1,1,1,,7,14,,1,2,,,67,2008-07-05
Fremantle,2008,92,St Kilda,20,L,43,5,1,2,7,,,,3,,1,,1,,,,1,6,,,1,1,,69,2008-07-12
Fremantle,2008,93,Richmond,21,L,43,18,12,7,25,,,,5,6,2,1,1,1,,2,9,15,4,,1,,,90,2008-07-19
Fremantle,2008,94,Collingwood,22,W,43,11,6,6,17,,,,1,3,1,,1,,1,,7,8,1,,3,,1,91,2008-07-26
Fremantle,2009,95,St Kilda,4,L,43,10,7,7,17,,,,5,2,2,1,2,2,1,,5,13,,,4,,,82,2009-03-22
Fremantle,2009,96,Sydney,5,W,43,9,3,8,17,1,,,3,,3,3,3,,1,,11,6,,,2,,2,79,2009-03-29
Fremantle,2009,97,West Coast,6,W,43,8,4,6,14,,1,,3,2,4,,3,1,3,,4,10,2,,,1,,90,2009-04-05
Fremantle,2009,98,Carlton,7,W,43,8,4,4,12,1,1,,2,,4,1,4,1,3,,6,7,1,1,1,3,,88,2009-04-12
Fremantle,2009,99,Hawthorn,8,L,43,4,2,7,11,,,,2,,3,,1,1,1,,2,9,,,1,3,,85,2009-04-19
Fremantle,2009,100,North Melbourne,9,L,43,7,4,6,13,1,,,,1,2,,1,,1,,2,11,,1,1,,1,54,2009-04-26
Fremantle,2009,101,Essendon,21,W,43,6,3,5,11,,,,2,1,1,1,2,2,2,,3,8,,,1,,,68,2009-07-19
Fremantle,2009,102,Geelong,22,L,43,10,5,4,14,,,,4,4,1,,4,,2,,4,11,,,3,,,64,2009-07-26
Fremantle,2010,103,Adelaide,1,W,43,10,5,8,18,,,,5,,,1,,,,,5,12,1,,1,1,1,77,2010-03-01
Fremantle,2010,104,Essendon,2,W,43,9,3,8,17,,,,2,1,2,,6,,4,,5,11,1,,1,,,79,2010-03-08
Fremantle,2010,105,Geelong,3,W,43,6,4,7,13,1,,,3,2,,1,,1,,,3,10,,1,3,,,77,2010-03-15
Fremantle,2010,106,St Kilda,4,L,43,10,8,17,27,,,,5,3,3,,2,,1,,5,20,,,2,1,,83,2010-03-22
Fremantle,2010,107,Richmond,5,W,43,8,5,7,15,,,,,3,,2,3,2,1,,8,8,1,,1,,,78,2010-03-29
Fremantle,2010,108,West Coast,6,W,43,4,,5,9,2,,,6,,1,,4,,2,,2,6,,,5,,,89,2010-04-05
Fremantle,2010,109,Brisbane Lions,7,W,43,8,3,6,14,,,,2,4,1,,6,,2,,4,10,,,1,1,,79,2010-04-12
Fremantle,2010,110,Collingwood,8,L,43,8,4,9,17,,,,4,1,3,1,3,,,,8,8,,,2,,,85,2010-04-19
Fremantle,2010,111,Sydney,9,W,43,5,2,5,10,,,,4,1,,,1,2,,,4,5,,,2,,,73,2010-04-26
Fremantle,2010,112,North Melbourne,10,W,43,10,4,7,17,,,,2,2,2,,4,1,4,,8,7,,,2,,,82,2010-05-03
Fremantle,2010,113,Adelaide,11,L,43,7,3,5,12,,,,2,1,2,,2,1,2,,3,7,,,1,,,82,2010-05-10
Fremantle,2010,114,St Kilda,12,L,43,11,3,3,14,,,,5,2,8,,1,,,,3,10,,,,,2,83,2010-05-17
Fremantle,2010,115,Carlton,13,W,43,9,6,5,14,,,,2,1,2,1,,1,,,4,9,1,,5,,1,79,2010-05-24
Fremantle,2010,116,Port Adelaide,14,W,43,13,5,5,18,,,,1,4,2,,1,1,1,,4,13,,,3,,1,93,2010-05-31
Fremantle,2010,117,Richmond,15,L,43,8,2,11,19,,,,1,4,1,,1,2,,,10,8,,,,,,84,2010-06-07
Fremantle,2010,118,Melbourne,16,W,43,6,1,5,11,,,,,,1,,,,,,6,2,,,,,,74,2010-06-14
Fremantle,2010,119,Western Bulldogs,17,L,43,12,6,10,22,,,,2,6,1,1,2,1,1,,5,15,,,3,,,82,2010-06-21
Fremantle,2010,120,West Coast,18,W,43,4,3,7,11,1,,,1,1,1,,,1,,,4,7,1,1,1,1,2,85,2010-06-28
Fremantle,2010,121,North Melbourne,19,L,43,8,3,9,17,,1,,3,1,3,1,3,,,,6,11,,,1,2,,76,2010-07-05
Fremantle,2010,122,Sydney,20,L,43,10,6,4,14,,,,2,1,1,,4,1,1,,4,11,1,,3,,,86,2010-07-12
Fremantle,2010,123,Carlton,22,W,43,11,6,3,14,,,,3,,1,,3,,2,,3,11,1,,6,,1,85,2010-07-26
Fremantle,2010,124,Hawthorn,EF,W,43,10,7,8,18,,1,,3,4,1,,3,,,,4,12,,,,1,,79,2010-03-01
Fremantle,2010,125,Geelong,SF,L,43,9,3,5,14,,,,3,1,4,,3,1,1,,6,7,,,6,,,81,2010-03-01
Fremantle,2011,126↑,Brisbane Lions,14,W,43,2,2,3,5,,,,3,,1,,,1,,,2,2,,,1,,,41,2011-05-31
Fremantle,2011,127,Gold Coast,15,W,43,7,3,6,13,,,,4,2,1,,1,1,,,3,11,,1,2,,,83,2011-06-07
Fremantle,2011,128,Sydney,17,W,43,4,1,4,8,,,,7,3,1,,,,,,4,2,,,,,,74,2011-06-21
